[
  {
    "id": "1",
    "abrevJogo": "bf1",
    "curtidas": "23434",
    "nomejogo": "Battlefield 1",
    "Resenha": "Semelhante aos jogos anteriores da série, Battlefield 1 é um jogo de tiro em primeira pessoa.",
    "linkJogo":"bf1.php",
    "linkJogoCadastrado":"bf12.php",
    "img": "bf1.jpg",
    "desenvolvedor": "EA",
    "mapas":"Ballrom Blitz, Argonne Forest, Fao Fortress, Suez, St Quentin Scar, Sinai Desert, Amiens, Monte Grappa, Empire's Edge, Giant's Shadow.",
    "plataformas": "PC, PS4, Xbox One.",
    "gameplay": "Semelhante aos jogos anteriores da série, Battlefield 1 é um jogo de tiro em primeira pessoa. Ele ocorre no período da Primeira Guerra Mundial, e é inspirado em fatos históricos. Os jogadores podem fazer uso de armas usadas neste conflito, incluindo rifles de ferrolho, armas automáticas e semi-automáticas, artilharia, lança-chamas, gás mostarda e metralhadoras para matar oponentes. O multiplayer do jogo suporta até 64 jogadores. Os mapas são baseados em localidades ao redor do mundo, incluindo a Arábia, a frente ocidental, e os alpes.",
    "nota": "5"
  },
  {
    "id": "2",
    "abrevJogo": "bf4",
    "curtidas": "22222",
    "nomejogo": "Battlefield 4",
    "Resenha": " Há algo especial sobre o tipo de guerra online de Battlefield. A combinação de combates de infantaria alucinante...",
    "linkJogo":"bf4.php",
    "linkjogoCadastrado": "bf42.php",
    "img": "bf4.jpg",
    "desenvolvedor": "EA",
    "mapas":"Operation Locker, Siege of Shanghai, Dragon Pass, Lumphini Garden, Wave Breaker, Lancang Dam, Altai Range, Hammerhead, Dragon Valley 2015, Propaganda, Flood Zone, Operation Firestorm, racel Storm, Caspian Border, Pearl Market, Zavod 311, Dunken Dragon, Rogue Transmission (Transmissão Pirata), Operation Metro 2014, Silk Road, Operation Mortar, Hangar 21, Giants Of Karelia, Golmud Railway, Lost Islands, Zavod:Graveyard Shift Nansha Strike, Dawnbreaker, Guilin Peaks, Gulf of Oman, Operation Outbreak, Hainan Resort, Operation Whiteout",
    "plataformas": "PC, Xbox One, Xbox 360, PS4 e PS3.",
    "gameplay": "Há algo especial sobre o tipo de guerra online de Battlefield. A combinação de combates de infantaria alucinante e guerra veicular explosiva gera conflitos que são excitantes, tensos e, talvez o mais importante, diversos. Com armas, gadgets e upgrades feitos sob medida para criar uma riqueza de papéis de combate, muitas vezes parece que não há fim para as formas gratificantes que você pode contribuir para o esforço de guerra. Esta variedade tem atraído os jogadores para os jogos de Battlefield por anos, e no Battlefield 4, está vivo e bem. O multiplayer online é uma explosão absoluta. Mas o Battlefield é mais do que apenas multiplayer atualmente, e a campanha single-player no BF4 também tem alguns momentos emocionantes.Expansivo e excitante, desafiador e empoderador, Battlefield 4 é um empreendimento emocionante nesta geração ou na próxima.",
    "nota": "4,8"
  },
  {
    "id": "3",
    "abrevJogo": "Bs",
    "nomejogo": "Black Squad",
    "curtidas": "12333",
    "Resenha": "Black Squad é um jogo de tiro em primeira pessoa militar usando o Unreal Engine...",
    "linkJogo":"bs.php",
    "linkJogoCadastrado": "bs2.php",
    "img": "bs.jpg",
    "desenvolvedor": "NS Studio",
    "mapas":"Brooklyn, Dust Shield, Double Wing, Collection, Carrier, Castle, Paper Company, Two Faced, Old Temple, Outpost, Run and Gun, Checkpoint, Wolf Spider",
    "plataformas": "PC",
    "gameplay": "Black Squad é um jogo de tiro em primeira pessoa militar usando o Unreal Engine 3 para mostrar gráficos realistas e visuais dinâmicos.",
    "nota": "4,7"
  },
  {
    "id": "4",
    "abrevJogo": "Cross",
    "nomejogo": "Cross Fire",
    "curtidas": "12213",
    "Resenha": " Multiplayer Online, Há 10 modos de jogo, dentre eles: Modo Lâmina Mortal,Team Death Match (Confronto entre Equip...",
    "linkJogo":"cf.php",
    "linkJogoCadastrado": "cf2.php",
    "img": "cf.jpg",
    "desenvolvedor": "Smilegate Entreteriment.",
    "mapas":"Olho de Águia, Grécia, México, Porto, Viúva Negra 2.0, Viúva Negra, Centro, Sub Base, Ankara 2.0, Ankara, Minas, Turquia, Réveillon, Castelo, Hotel, Satélite, Deserto, Fábrica, Espanha, Santoria, Marrocos, Estação, Refinaria, Ankara 2.0, Navio sonda, Salvador, Tanques, Área Restrita, Liberadade, Sampa.",
    "plataformas": "PC",
    "gameplay": "Multiplayer Online, Há 10 modos de jogo, dentre eles: Modo Lâmina Mortal,Team Death Match (Confronto entre Equipes), Search & Destroy (Procurar e Destruir), Elimination (Eliminação), Ghost Mode (Modo Fantasma), Free-for-All (Cada 1 por Si), Mutation Mode (Modo Mutação), Escape Mode (Fuga), Hero Mode (Modo Herói), Zombie Mode (Modo Zumbi) e Wave Mode (Modo Batalha)",
    "nota": "4,5"
  },
  {
    "id": "5",
    "abrevJogo": "cs go",
    "nomejogo": "Counter Strike: Global Offensive",
    "curtidas": "45345",
    "Resenha": "Mate os adversários, plante ou defuse a bomba antes do tempo acabar e vença o jogo.",
    "linkJogo":"csgo.php",
    "linkJogoCadastrado": "csgo2.php",
    "img": "cs.jpg",
    "desenvolvedor": "Valve Corporation",
    "mapas":" Baggage, Lake, Monastery, Safehouse, Shoots, St. Marc, Bank, Lake, Safehouse, Shortdust, Sugarcane, Train, Dizzy, Cobblestone, Inferno, Lake, Rialto, Shortdust, Nuke, Mirage, Cache.",
    "plataformas": "PC, Xbox, PS3",
    "gameplay": "O objetivo do jogador é realizar o objetivo de um mapa: desarmar a bomba, resgatar todos os reféns ou matar toda a equipe adversária. O objetivo final do jogo é ganhar mais rodadas do que a equipe adversária. Uma vez que os jogadores são mortos, eles não reaparecem até a próxima rodada, embora isso dependa de qual servidor as pessoas jogam.",
    "nota": "4,4"
  },
  {
    "id": "6",
    "abrevJogo": "cs source",
    "nomejogo": "Counter Strike: Source ",
    "curtidas": "34234",
    "Resenha": "O objetivo do jogador é realizar o objetivo de um mapa: desarmar a bomba, resgatar todos os reféns ou matar toda a equipe...",
    "linkJogo":"cssrc.php",
    "linkJogoCadastrado": "cssrc2.php",
    "img": "cssrc.jpg",
    "desenvolvedor": " Valve Corporation, Turtle Rock Studios.",
    "mapas":" Baggage, Lake, Monastery, Safehouse, Shoots, St. Marc, Bank, Dust, Dust II, Shortdust, Cobblestone, Inferno, Train, Shorttrain, Assault, Militia, Office, Mirage, Vertigo.",
    "plataformas": "PC",
    "gameplay": "O objetivo do jogador é realizar o objetivo de um mapa: desarmar a bomba, resgatar todos os reféns ou matar toda a equipe adversária. O objetivo final do jogo é ganhar mais rodadas do que a equipe adversária. Uma vez que os jogadores são mortos, eles não reaparecem até a próxima rodada, embora isso dependa de qual servidor as pessoas jogam.",
    "nota": "4,3"
  },
  {
    "id": "7",
    "abrevJogo": "Farcry",
    "nomejogo": "Far Cry 5",
    "curtidas": "53456",
    "Resenha": "Far Cry 5 conta com inovações também no que diz respeito à evolução de seu personagem, desde o cumprimento de...",
    "linkJogo":"fc.php",
    "linkJogoCadastrado": "fc2.php",
    "img": "fc.jpg",
    "desenvolvedor": "Ubisoft",
    "mapas":"Modo campanha, onde o jogador explora o mapa completando suas missões, modo online chamado Far Cry Arcade. Nele, você pode se aventurar em mapas criados por outros jogadores com os objetivos mais insanos. É possível, por exemplo, ter que eliminar hordas de inimigos que parecem nunca acabar, ou até mesmo cruzar um cenário repleto de plataformas curtas, existe também o editor de mapas para o jogador criar seu próprio cenário para jogá-lo.",
    "plataformas": "PS4, Xbox One e PC.",
    "gameplay": " Far Cry 5 conta com inovações também no que diz respeito à evolução de seu personagem, desde o cumprimento de missões principais, até tarefas simples, como capturar um urso ou eliminar furtivamente cinco inimigos. As missões paralelas tem uma série de desafios que resgatam um pouco do que foi apresentado nos títulos anteriores. Desde destruir estoques de materiais inimigos, até eliminar toda uma região repleta de seguidores, há muito o que se fazer no jogo, o que exige cerca de 40 horas ou mais para concluir todas elas.",
    "nota": "4,2"
  },
  {
    "id": "8",
    "abrevJogo": "pb",
    "nomejogo": "Point Blank",
    "curtidas": "72423",
    "Resenha": "O jogo conta com lojas, armas, itens e inventário, onde em cada  partida o jogador recebe uma pequena quantidade de gold...",
    "linkJogo":"pb.php",
    "linkJogoCadastrado": "pb2.php",
    "img": "pb.jpg",
    "desenvolvedor": "Zepetto.",
    "mapas":"Luxville, Burning Hall, Outpost, Port Akaba, Red Rock, Old Library, Mstation, Downtown, Eastern Road, Sentry Base, D-Squad, Storm Tube, Midnight Zone, Breakdown, Saint Mission, Blow City.",
    "plataformas": "PC",
    "gameplay": "O jogo conta com lojas, armas, itens e inventário, onde em cada partida o jogador recebe uma pequena quantidade de gold, a moeda comum do jogo, que é razoavelmente influenciada pelos resultados da partida.",
    "nota": "4"
  },
  {
    "id": "9",
    "abrevJogo": "pubg",
    "nomejogo": "PlayerUnknown's Battlegrounds",
    "curtidas": "53423",
    "Resenha": "Jogo no estilo Battle Royale. A ideia é inspirada em H1Z1, DayZ e outros games similares, Modo Online de tiro.",
    "linkJogo":"pubg.php",
    "linkJogoCadastrado": "pubg2.php",
    "img": "pubg.jpg",
    "desenvolvedor": " Brendan Greene.",
    "mapas":"Mapa único no Modo DeathMatch",
    "plataformas": "PC",
    "gameplay": "Em terceira pessoa, com opção secundária de visão em primeira pessoa, É possível vasculhar casas, prédios, lixeiras e outros pontos do mapa em busca de equipamentos, sejam eles proteções, armas, munições e até mesmo veículos, que servem para um deslocamento maior e mais veloz pelo mapa.",
    "nota": "3,9"
  },
  {
    "id": "10",
    "abrevJogo": "r6",
    "nomejogo": "Rainbow Six Siege",
    "curtidas": "42434",
    "Resenha": "Mate os adversários, resgate o refém, plante ou defuse a bomba antes do tempo acabar e vença o jogo.",
    "linkJogo":"r6.php",
    "linkJogoCadastrado": "r62.php",
    "img": "r6.jpg",
    "desenvolvedor": "Ubisoft",
    "mapas":"Arranha Céu, Favela, Iate, Banco, Canal, Chalé, Club House, Avião Presidencial, Consulado, Fronteira, Hereford, Kafe Dostoyevsky, Litoral, Oregon, Residência, Theme Park, Tower, U. Barlett",
    "plataformas": "PC, Xbox One, PS4",
    "gameplay": "Tom Clancy's Rainbow Six Siege é um jogo de tiro na primeira pessoa táctico, em que os jogadores assumem o papel de um dos membros da equipe Rainbow, uma unidade contra-terrorista. Os membros têm diferentes nacionalidades, habilidades e equipamentos",
    "nota": "3"
  },
  {
    "id": "11",
    "abrevJogo": "Sniper elite",
    "nomejogo": "Sniper Elite 4",
    "curtidas": "83213",
    "Resenha": " Modo missão principal onde o jogador elimina os adversários , objetivos secundários espalhados pelos mapas.",
    "linkJogo":"se4.php",
    "linkJogoCadastrado": "se42.php",
    "img": "se4.jpg",
    "desenvolvedor": "Rebelliion Developments.",
    "mapas":"Sobre os mapas, eles agora são maiores, permitindo criar ainda mais estratégias. De forma cooperativa ou partindo para o confronto direto, os cenários abertos facilitam na hora de fugir e se esconder, ou até mesmo escalar para buscar uma posição melhor para o disparo perfeito.",
    "plataformas": "PC, Xbox One, PS4",
    "gameplay": "Modo missão principal onde o jogador elimina os adversários , objetivos secundários espalhados pelos mapas.",
    "nota": "2,6"
  },
  {
    "id": "12",
    "abrevJogo": "warface",
    "nomejogo": "Warface",
    "curtidas": "73423",
    "Resenha": " Em Warface existem três modos diferentes de jogo, dentre eles: o Modo PVP, ou Player versus Player (jogador contra jogador)...",
    "linkJogo":"wf.php",
    "linkJogoCadastrado": "wf2.php",
    "img": "wf.jpg",
    "desenvolvedor": "Crytek",
    "mapas":"Oil Deport",
    "plataformas": "PC",
    "gameplay": "Em Warface existem três modos diferentes de jogo, dentre eles: o Modo PVP, ou Player versus Player (jogador contra jogador), Coop (cooperativo), e Sobrevivência (Maratona mortífera).",
    "nota": "2"
  }

]
