[
  {
    "id_jogador": 1,
    "nome": "Neymar Junior",
    "pais": "Brasil",
    "time": "PSG",
    "altura": 1.75,
    "peso": 68,
    "imagem": "menino-ney.jpg"
  },
  {
    "id_jogador": 2,
    "nome": "Cristiano Ronaldo",
    "pais": "Portugal",
    "time": "Juventus",
    "altura": 1.87,
    "peso": 83,
    "imagem": "cr7.jpg"
  },
  {
    "id_jogador": 3,
    "nome": "Lionel Messi",
    "pais": "Argentina",
    "time": "Barcelona",
    "altura": 1.70,
    "peso": 72,
    "imagem": "messi.jpg"
  },{
  "id_jogador": 4,
  "nome": "Ronaldo Fenômeno",
  "pais": "Brasil",
  "time": "Real Madrid",
  "altura": 1.87,
  "peso": 83,
  "imagem": "fenomeno.jpg"
}
]